iso3,unidad,autoridad,nivel,fecha_de_norma,url,version_archivada
ARG,Buenos Aires,Ley 27.802 - Ley de Modernizacion Laboral,1,2026-03-06,https://www.boletinoficial.gob.ar/detalleAviso/primera/339128/20260306,PENDIENTE DE ARCHIVAR
AUS,Sídney,"Fair Work Act 2009 (Cth), secciones 62, 64, 114 y 115. Compilation No. 73, compilation date 07/07/2026, Authorised Versi",1,,https://www.legislation.gov.au/C2009A00028/latest/text,PENDIENTE DE ARCHIVAR
BEL,Bruselas,Arrete royal du 18 avril 1974 determinant les modalites generales d'execution de la loi du 4 janvier 1974 relative aux j,1,,https://www.ejustice.just.fgov.be/eli/arrete/1974/04/18/1974041801/justel,PENDIENTE DE ARCHIVAR
BEL,Bruselas,"Loi du 16 mars 1971 sur le travail, art. 11 (repos du dimanche), art. 19 (duree du travail), art. 20 §1 y art. 20bis/1 (",1,,https://www.ejustice.just.fgov.be/cgi_loi/change_lg.pl?language=fr&la=F&cn=1971031602&table_name=loi,PENDIENTE DE ARCHIVAR
BRA,São Paulo,"Constituição da República Federativa do Brasil de 1988, artículo 7º, incisos XIII y XV",1,1988-10-05,https://www.planalto.gov.br/ccivil_03/constituicao/constituicao.htm,PENDIENTE DE ARCHIVAR
CAN,Toronto,"Canada Labour Code (RSC 1985, c. L-2)",1,,https://laws.justice.gc.ca/eng/acts/l-2/page-26.html,PENDIENTE DE ARCHIVAR
CAN,Toronto,"Employment Standards Act, 2000, S.O. 2000, c. 41, s. 17 (Limit on hours of work)",1,,https://www.ontario.ca/laws/statute/00e41,PENDIENTE DE ARCHIVAR
CHE,Zúrich,"Loi federale du 13 mars 1964 sur le travail dans l'industrie, l'artisanat et le commerce (LTr), RS 822.11: art. 9 (duree",1,,https://www.fedlex.admin.ch/eli/cc/1966/57_57_57/fr,PENDIENTE DE ARCHIVAR
CRI,San José,Ley 9803 — Celebracion nacional del 1 de diciembre como Día de la Abolición del Ejército y día feriado de pago no obliga,1,2020-07-02,https://www.imprentanacional.go.cr/pub/2020/07/02/COMP_02_07_2020.pdf,PENDIENTE DE ARCHIVAR
DEU,Berlín,"Bundesurlaubsgesetz (BUrlG), § 3 Dauer des Urlaubs",1,,https://www.gesetze-im-internet.de/burlg/__3.html,PENDIENTE DE ARCHIVAR
DEU,Berlín,"Arbeitszeitgesetz (ArbZG) vom 6. Juni 1994, § 3 (Arbeitszeit der Arbeitnehmer)",1,,https://www.gesetze-im-internet.de/arbzg/__3.html,PENDIENTE DE ARCHIVAR
DNK,Copenhague,"Ferieloven — Bekendtgorelse af lov om ferie, LBK nr. 230 af 12/02/2021 (refunde la lov nr. 60 af 30. januar 2018); artic",1,2021-02-12,https://www.retsinformation.dk/eli/lta/2021/230/pdf,PENDIENTE DE ARCHIVAR
DNK,Copenhague,Lov nr. 214 af 6. marts 2023 om konsekvenser ved afskaffelsen af store bededag som helligdag,1,2023-03-07,https://www.retsinformation.dk/eli/lta/2023/214/pdf,PENDIENTE DE ARCHIVAR
ECU,Guayaquil,Ley Organica Reformatoria a la Ley Organica del Servicio Publico y al Código del Trabajo — Registro Oficial Suplemento 9,1,2016-12-20,https://www.arcotel.gob.ec/wp-content/uploads/2017/03/017_ley-reformatoria-ley-organica-s-p.pdf,PENDIENTE DE ARCHIVAR
ESP,Madrid,"Real Decreto Legislativo 2/2015, texto refundido de la Ley del Estatuto de los Trabajadores; articulos 37.2 y 38",1,2015-10-24,https://www.boe.es/buscar/act.php?id=BOE-A-2015-11430,PENDIENTE DE ARCHIVAR
ESP,Madrid,"Decreto 75/2025, de 24 de septiembre, del Consejo de Gobierno, por el que se establecen las fiestas laborales para el añ",1,2025-09-25,https://www.bocm.es/boletin/CM_Orden_BOCM/2025/09/25/BOCM-20250925-16.PDF,PENDIENTE DE ARCHIVAR
ESP,Madrid,"Resolucion de 17 de octubre de 2025, de la Direccion General de Trabajo, por la que se publica la relacion de fiestas la",1,2025-10-28,https://www.boe.es/diario_boe/txt.php?id=BOE-A-2025-21667,PENDIENTE DE ARCHIVAR
ESP,Madrid,"Resolucion de 2 de diciembre de 2025, de la Direccion General de Trabajo de la Comunidad de Madrid, por la que se declar",1,2025-12-12,https://www.bocm.es/boletin/CM_Orden_BOCM/2025/12/12/BOCM-20251212-34.PDF,PENDIENTE DE ARCHIVAR
FIN,Helsinki,"Tyoaikalaki 872/2019, 5 § (Saannollinen tyoaika), 25 § (Vuorokausilepo), 27 § (Viikkolepo), 48 § (Voimaantulo)",1,,https://opendata.finlex.fi/finlex/avoindata/v1/akn/fi/act/statute/2019/872/fin@,PENDIENTE DE ARCHIVAR
FRA,París,"LOI n° 2016-1088 du 8 aout 2016 relative au travail, a la modernisation du dialogue social et a la securisation des parc",1,2016-08-09,https://www.legifrance.gouv.fr/jorf/article_jo/JORFARTI000032983655,PENDIENTE DE ARCHIVAR
GBR,Londres,"The Working Time Regulations 1998 (SI 1998/1833), regs. 4, 10 y 11",1,1998-07-30,https://www.legislation.gov.uk/uksi/1998/1833/contents,PENDIENTE DE ARCHIVAR
GRC,Atenas,"Π.Δ. 62/2025 «Κωδικας Εργατικου Δικαιου» — Código de Derecho del Trabajo, ΦΕΚ Α΄121 de 11-jul-2025",1,2025-07-11,https://www.elinyae.gr/sites/default/files/2025-07/121%CE%B1_2025.pdf,PENDIENTE DE ARCHIVAR
GRC,Atenas,"Π.Δ. 62/2025, «Κώδικας Εργατικού Δικαίου» (Código de Derecho del Trabajo), artículos 173, 187, 188, 189, 194, 203, 204 y",1,,https://www.elinyae.gr/sites/default/files/2025-07/121%CE%B1_2025.pdf,PENDIENTE DE ARCHIVAR
HND,Tegucigalpa,Decreto No. 75-2014 — unificacion y traslado de los feriados de octubre,1,2014-09-29,https://www.tsc.gob.hn/web/leyes/DECRETO%20No%2075-2014%20Unificaci%C3%B3n%20y%20traslado%20feriados%20mes%20de%20octubre.pdf,PENDIENTE DE ARCHIVAR
HND,Tegucigalpa,Decreto No. 78-2015 — reforma el art. 1 del Decreto 75-2014; crea la denominacion «Semana Morazánica»,1,2015-09-14,https://www.tsc.gob.hn/web/leyes/Decreto_78-2015_Traslado_de_Feriados_Octubre.pdf,PENDIENTE DE ARCHIVAR
HND,Tegucigalpa,Decreto No. 188-2012 — declara el 3 de febrero Día Festivo Nacional en honor a la Virgen de Suyapa,1,2013-01-22,https://www.tsc.gob.hn/web/leyes/Decreto%20188-2012-dia-virgen-de-suyapa.pdf,PENDIENTE DE ARCHIVAR
IDN,Yakarta,"SKB 3 Menteri — Surat Keputusan Bersama de tres ministros, Hari Libur Nasional dan Cuti Bersama 2026",1,,https://setneg.go.id/baca/index/inilah_skb_3_menteri_libur_nasional_dan_cuti_bersama_2026,PENDIENTE DE ARCHIVAR
IRL,Dublín,"Organisation of Working Time Act 1997 (No. 20 of 1997), secciones 13, 15 y 21 y Second Schedule",1,1997-05-07,https://www.irishstatutebook.ie/eli/1997/act/20/enacted/en/print.html,PENDIENTE DE ARCHIVAR
ITA,Roma,"Legge 1° marzo 2024, n. 27 — Istituzione della Giornata dell'unita nazionale e delle Forze armate",1,2024-03-16,https://www.gazzettaufficiale.it/eli/id/2024/03/16/24G00044/sg,PENDIENTE DE ARCHIVAR
ITA,Roma,"Decreto legislativo 8 aprile 2003, n. 66, art. 3 (Orario normale di lavoro), art. 4 (Durata massima dell'orario di lavor",1,,https://www.normattiva.it/uri-res/N2Ls?urn:nir:stato:decreto.legislativo:2003-04-08;66,PENDIENTE DE ARCHIVAR
KOR,Seúl,"근로기준법 (Ley de Normas Laborales), articulos 55, 60, 61 y 62",1,2024-10-22,https://www.law.go.kr/DRF/lawService.do?OC=test&target=law&MST=265959&type=XML,PENDIENTE DE ARCHIVAR
KOR,Seúl,"공휴일에 관한 법률 (Ley de días festivos), Ley 18291 de 2021-07-07, vigente desde 2022-01-01; articulos 2, 3 y 4",1,2021-07-07,https://www.law.go.kr/DRF/lawService.do?OC=test&target=law&MST=283311&type=XML,PENDIENTE DE ARCHIVAR
KOR,Seúl,"관공서의 공휴일에 관한 규정 (Reglamento de días festivos de los organos publicos), Decreto Presidencial; articulos 2, 3 y 4",1,,https://www.law.go.kr/DRF/lawService.do?OC=test&target=law&MST=285779&type=XML,PENDIENTE DE ARCHIVAR
KOR,Seúl,"근로기준법 시행령 (Decreto de aplicacion de la Ley de Normas Laborales), artículo 30(2)",1,,https://www.law.go.kr/DRF/lawService.do?OC=test&target=law&MST=270551&type=XML,PENDIENTE DE ARCHIVAR
KOR,Seúl,"노동절 제정에 관한 법률 (Ley del Día del Trabajo), Ley 21134 de 2025-11-11, reforma total de la 근로자의 날 제정에 관한 법률",1,2025-11-11,https://www.law.go.kr/DRF/lawService.do?OC=test&target=law&MST=279809&type=XML,PENDIENTE DE ARCHIVAR
MEX,Ciudad de México,"DECRETO por el que se reforman los articulos 76 y 78 de la Ley Federal del Trabajo, en materia de vacaciones",1,,https://dof.gob.mx/nota_detalle.php?codigo=5675889&fecha=27/12/2022,PENDIENTE DE ARCHIVAR
MEX,Ciudad de México,DECRETO que reforma la fraccion VII del artículo 74 de la Ley Federal del Trabajo,1,,https://dof.gob.mx/nota_detalle.php?codigo=5739950&fecha=30/09/2024,PENDIENTE DE ARCHIVAR
MEX,Ciudad de México,DECRETO por el que se reforman las fracciones IV y XI del Apartado A del Artículo 123 de la Constitución Política de los,1,2026-03-03,https://www.dof.gob.mx/nota_detalle.php?codigo=5781417&fecha=03%2F03%2F2026,PENDIENTE DE ARCHIVAR
NIC,Managua,"Ley 185, Código del Trabajo — arts. 66, 67, 68, 69, 76, 77, 78, 79, 80, 96, 406",1,1996-10-30,http://legislacion.asamblea.gob.ni/gacetas/1996/10/g205.pdf,PENDIENTE DE ARCHIVAR
NIC,Managua,Ley 1118 — declara el Día de la Madre (30 de mayo) feriado nacional; reforma el art. 66 de la Ley 185,1,2022-05-20,http://legislacion.asamblea.gob.ni/gacetas/2022/5/g92.pdf,PENDIENTE DE ARCHIVAR
NIC,Managua,"Ley 1272 — declara feriados nacionales el 18 de enero, 2 de febrero, 21 de febrero y 8 de noviembre; reforma el art. 66",1,2026-01-20,http://legislacion.asamblea.gob.ni/gacetas/2026/1/g11.pdf,PENDIENTE DE ARCHIVAR
NLD,Ámsterdam,"Carta del Ministro de Asuntos Sociales y Empleo al Parlamento, 25 de abril de 2025 (Kamerstuk 36600-XV-110), en respuest",1,,https://zoek.officielebekendmakingen.nl/kst-36600-XV-110.html,PENDIENTE DE ARCHIVAR
NLD,Ámsterdam,"Besluit van 30 januari 2013, nr. 13.000173 — fija el 27 de abril como Koningsdag (Stcrt. 2013, 4075)",1,,https://zoek.officielebekendmakingen.nl/stcrt-2013-4075.html,PENDIENTE DE ARCHIVAR
NLD,Ámsterdam,"Arbeidstijdenwet, artikel 5:5 (wekelijkse onafgebroken rusttijd), artikel 5:6 (arbeid op zondag) y artikel 5:7 (arbeidst",1,,https://zoek.officielebekendmakingen.nl/stb-2006-632.html,PENDIENTE DE ARCHIVAR
NOR,Oslo,"Norsk Lovtidend (gaceta oficial) — leyes modificatorias de la ventana: LOV-2023-03-17-3, LOV-2018-12-20-98, LOV-2021-05-",1,,https://lovdata.no/dokument/LTI/lov/2023-03-17-3,PENDIENTE DE ARCHIVAR
NZL,Auckland,"Minimum Wage Act 1983, s. 11B ('40-hour 5-day week')",1,1983-12-16,https://www.legislation.govt.nz/act/public/1983/0115/latest/DLM74110.html,PENDIENTE DE ARCHIVAR
PER,Lima,Decreto Legislativo 713 — Consolidan la legislacion sobre descansos remunerados de los trabajadores sujetos al regimen l,1,,https://diariooficial.elperuano.pe/Normas/obtenerDocumento?idNorma=110007,PENDIENTE DE ARCHIVAR
PER,Lima,"Ley 31530 — Ley que declara feriado nacional el 6 de agosto, día de la conmemoracion de la Batalla de Junín",1,2022-07-25,https://busquedas.elperuano.pe/dispositivo/NL/2089960-2,PENDIENTE DE ARCHIVAR
PER,Lima,Ley 31788 — Ley que declara Feriado Nacional el 7 de junio en conmemoracion de la Batalla de Arica y del Día de la Bande,1,2023-06-15,https://busquedas.elperuano.pe/dispositivo/NL/2187453-1,PENDIENTE DE ARCHIVAR
POL,Varsovia,"Ustawa z dnia 18 stycznia 1951 r. o dniach wolnych od pracy — texto consolidado, Dz.U. 2025 poz. 296",1,2025-03-11,https://dziennikustaw.gov.pl/D2025000029601.pdf,PENDIENTE DE ARCHIVAR
POL,Varsovia,Ustawa z dnia 6 grudnia 2024 r. o zmianie ustawy o dniach wolnych od pracy oraz niektorych innych ustaw — Dz.U. 2024 poz,1,2024-12-30,https://dziennikustaw.gov.pl/D2024000196501.pdf,PENDIENTE DE ARCHIVAR
POL,Varsovia,"Ustawa z dnia 26 czerwca 1974 r. — Kodeks pracy, texto consolidado Dz.U. 2025 poz. 277; arts. 129, 130, 151(9), 153, 154",1,2025-03-06,https://dziennikustaw.gov.pl/D2025000027701.pdf,PENDIENTE DE ARCHIVAR
POL,Varsovia,"Kodeks pracy, texto consolidado Dz.U. 2016 poz. 1666 — linea base del corte de 2016",1,2016-10-12,https://api.sejm.gov.pl/eli/acts/DU/2016/1666/text.pdf,PENDIENTE DE ARCHIVAR
PRT,Lisboa,"Codigo do Trabalho, aprovado pela Lei n.º 7/2009, de 12 de fevereiro: artigo 203.º (Limites maximos do periodo normal de",1,,https://files.dre.pt/1s/2009/02/03000/0092601029.pdf,PENDIENTE DE ARCHIVAR
PRY,Asunción,Gaceta Oficial del Paraguay,1,,https://www.gacetaoficial.gov.py/,PENDIENTE DE ARCHIVAR
SVK,Bratislava,"Zakon NR SR c. 241/1993 Z. z. o statnych sviatkoch, dnoch pracovneho pokoja a pamatnych dnoch — texto consolidado vigent",1,1993-10-27,https://www.slov-lex.sk/static/SK/ZZ/1993/241/20251101.html,PENDIENTE DE ARCHIVAR
SVK,Bratislava,"Zakon c. 311/2001 Z. z. Zakonnik prace — texto consolidado vigente al 1 de enero de 2026; articulos 101, 102, 103, 104, ",1,,https://www.slov-lex.sk/static/SK/ZZ/2001/311/20260101.html,PENDIENTE DE ARCHIVAR
SVK,Bratislava,"Zakon c. 261/2025 Z. z., de 24 de septiembre de 2025, por el que se modifican varias leyes en relacion con la consolidac",1,2025-10-09,https://www.slov-lex.sk/static/pdf/2025/261/ZZ_2025_261.pdf,PENDIENTE DE ARCHIVAR
SVK,Bratislava,Zakon c. 530/2023 Z. z. — consolidacion de las finanzas publicas; su artículo III modifica el paragrafo 2 apartado 3 de ,1,,https://www.slov-lex.sk/static/pdf/2023/530/ZZ_2023_530.pdf,PENDIENTE DE ARCHIVAR
SVK,Bratislava,"Zakon c. 380/2019 Z. z., que modifica el Zakonnik prace (paragrafo 103)",1,2019-11-19,https://www.slov-lex.sk/static/pdf/2019/380/ZZ_2019_380.pdf,PENDIENTE DE ARCHIVAR
SWE,Estocolmo,"Arbetstidslag (1982:673): 3 § (avvikelser genom kollektivavtal), 5 § (ordinarie arbetstid), 13 § y 13 a § (dygnsvila y n",1,,https://www.riksdagen.se/sv/dokument-och-lagar/dokument/svensk-forfattningssamling/arbetstidslag-1982673_sfs-1982-673/,PENDIENTE DE ARCHIVAR
TUR,Estambul,Yillik Ucretli Izin Yonetmeligi — Reglamento de vacaciones anuales retribuidas,1,,https://www.mevzuat.gov.tr/File/GeneratePdf?mevzuatNo=5451&mevzuatTur=KurumVeKurulusYonetmeligi&mevzuatTertip=5,PENDIENTE DE ARCHIVAR
TUR,Estambul,2429 sayili Ulusal Bayram ve Genel Tatiller Hakkinda Kanun,1,,https://www.mevzuat.gov.tr/MevzuatMetin/1.5.2429.pdf,PENDIENTE DE ARCHIVAR
ARG,Buenos Aires,Ley 27.399 - Ley de establecimiento de feriados y fines de semanas largos,2,2017-10-18,https://servicios.infoleg.gob.ar/infolegInternet/anexos/280000-284999/281835/norma.htm,PENDIENTE DE ARCHIVAR
ARG,Buenos Aires,"Ley 20.744 (t.o. 1976) - Regimen de Contrato de Trabajo, arts. 150 a 157",2,,https://servicios.infoleg.gob.ar/infolegInternet/anexos/25000-29999/25552/texact.htm,PENDIENTE DE ARCHIVAR
ARG,Buenos Aires,"Ley 11.544 - Jornada de Trabajo (12 de septiembre de 1929), art. 1",2,1929-09-17,https://servicios.infoleg.gob.ar/infolegInternet/anexos/60000-64999/63368/texact.htm,PENDIENTE DE ARCHIVAR
AUS,Sídney,"Fair Work Act 2009 (Cth), ss. 87, 88 y 89 - National Employment Standards, Division 6 Annual leave",2,,https://www.legislation.gov.au/C2009A00028/latest/text,PENDIENTE DE ARCHIVAR
AUS,Sídney,"Public Holidays Act 2010 (NSW) No 115, s. 4 y Schedule 1",2,,https://legislation.nsw.gov.au/view/html/inforce/current/act-2010-115,PENDIENTE DE ARCHIVAR
AUS,Sídney,NSW Government - public holidays (portal oficial del estado),2,,https://www.nsw.gov.au/about-nsw/public-holidays,PENDIENTE DE ARCHIVAR
AUT,Viena,oesterreich.gv.at - Urlaubsanspruch (portal oficial de la Administracion austriaca),2,,https://www.oesterreich.gv.at/de/lexicon/U/Seite.991623,PENDIENTE DE ARCHIVAR
AUT,Viena,"Arbeitszeitgesetz (AZG), BGBl. Nr. 461/1969, §3 Normalarbeitszeit, en la versión vigente desde 01.07.1994 (BGBl. Nr. 446",2,,https://www.ris.bka.gv.at/Dokumente/Bundesnormen/NOR12095918/NOR12095918.html,PENDIENTE DE ARCHIVAR
BEL,Bruselas,Arrete royal du 30 mars 1967 determinant les modalites generales d'execution des lois relatives aux vacances annuelles d,2,,https://www.onva.fgov.be/sites/default/files/2022-02/1967_03_30_FR_2_0.pdf,"coordinacion del ONVA/RJV, mise a jour du 2022-05-09"
BEL,Bruselas,"SPF Emploi, Travail et Concertation sociale - Jours feries",2,,https://emploi.belgique.be/fr/themes/jours-feries-et-conges/jours-feries,PENDIENTE DE ARCHIVAR
BGR,Sofía,Министерство на труда и социалната политика - Отпуски (portal oficial del Ministerio de Trabajo),2,,https://www.mlsp.government.bg/otpuski,PENDIENTE DE ARCHIVAR
BGR,Sofía,"Ministerstvo na truda i sotsialnata politika - pagina oficial 'Rabotno vreme', que expone el regimen del Kodeks na truda",2,,https://www.mlsp.government.bg/rabotno-vreme,PENDIENTE DE ARCHIVAR
BOL,Santa Cruz,"Ministerio de Trabajo, Empleo y Prevision Social - Comunicado DGTHSO-004/26",2,2026-01-21,https://mintrabajo.gob.bo/wp-content/uploads/2026/01/COMUNICADO-DGTHSO-004-26.pdf,PENDIENTE DE ARCHIVAR
BRA,São Paulo,"Decreto-Lei 5.452 de 1943 - Consolidacao das Leis do Trabalho, arts. 129, 130, 134, 135 y 136",2,,https://www.planalto.gov.br/ccivil_03/decreto-lei/del5452.htm,PENDIENTE DE ARCHIVAR
BRA,São Paulo,"Lei 14.759 de 21 de dezembro de 2023 - institui o feriado nacional de 20 de novembro, Dia Nacional de Zumbi e da Conscie",2,2023-12-21,https://normas.leg.br/?urn=urn%3Alex%3Abr%3Afederal%3Alei%3A2023-12-21%3B14759,PENDIENTE DE ARCHIVAR
BRA,São Paulo,Lei 13.467 de 2017 - Reforma Trabalhista: nueva redaccion del art. 134 CLT,2,,sin-url-archivada,PENDIENTE DE ARCHIVAR
CAN,Toronto,"Employment Standards Act, 2000, S.O. 2000, c. 41 (Ontario) — Parte XI vacaciones, Parte X feriados publicos",2,,https://www.ontario.ca/laws/statute/00e41,PENDIENTE DE ARCHIVAR
CHE,Zúrich,"Bundesgesetz ueber die Arbeit in Industrie, Gewerbe und Handel (Arbeitsgesetz, ArG), SR 822.11 — Art. 20a Abs. 1",2,,https://www.seco.admin.ch/seco/de/home/Arbeit/Personenfreizugigkeit_Arbeitsbeziehungen/Arbeitsrecht/FAQ_zum_privaten_Arbeitsrecht/freizeit-und-feiertage.html,PENDIENTE DE ARCHIVAR
CHE,Zúrich,"Ruhetags- und Ladenoeffnungsgesetz del canton de Zurich (RLG), LS 822.4, de 26 de junio de 2000 — § 1",2,2000-12-01,https://www.zh.ch/de/politik-staat/gesetze-beschluesse/gesetzessammlung/zhlex-os/erlass-822_4-56-351.html,PENDIENTE DE ARCHIVAR
CHE,Zúrich,Kanton Zuerich — pagina oficial de Feiertage de la administracion cantonal,2,,https://www.zh.ch/de/wirtschaft-arbeit/arbeitsbedingungen/arbeitsssicherheit-gesundheitsschutz/arbeits-ruhezeiten/feiertage.html,PENDIENTE DE ARCHIVAR
CHE,Zúrich,"SECO — FAQ zum privaten Arbeitsrecht, Ferien",2,,https://www.seco.admin.ch/seco/de/home/Arbeit/Personenfreizugigkeit_Arbeitsbeziehungen/Arbeitsrecht/FAQ_zum_privaten_Arbeitsrecht/ferien.html,PENDIENTE DE ARCHIVAR
CHL,Santiago,"Ley 21.357 - Declara feriado el día del solsticio de invierno de cada año, Día Nacional de los Pueblos Indígenas",2,2021-06-19,https://faolex.fao.org/docs/pdf/chi204676.pdf,"documento generado por la Biblioteca del Congreso Nacional el 22-ago-2021, firmado digitalmente, codigo N1161743S344200"
CHL,Santiago,Direccion del Trabajo - consulta sobre el computo de los días habiles del feriado; cita el Dictamen 2028/133 de 07-05-19,2,,https://www.dt.gob.cl/portal/1628/w3-article-60177.html,PENDIENTE DE ARCHIVAR
CHL,Santiago,"Direccion del Trabajo - Dictamen general sobre la Ley N 21.561, que modifica el Código del Trabajo con el objeto de redu",2,,https://www.dt.gob.cl/portal/1626/articles-107884_recurso_63.pdf,PENDIENTE DE ARCHIVAR
COL,Bogotá,Ley 51 de 1983 (Ley Emiliani) — por la cual se traslada el descanso remunerado de algunos días festivos; modifica el art,2,,https://www.funcionpublica.gov.co/eva/gestornormativo/norma.php?i=4954,PENDIENTE DE ARCHIVAR
COL,Bogotá,"Ley 2101 de 2021 (15 de julio), arts. 2 y 3. El art. 2 sustituye el art. 161 del Código Sustantivo del Trabajo",2,2021-07-15,https://www.funcionpublica.gov.co/eva/gestornormativo/norma_pdf.php?i=166506,PENDIENTE DE ARCHIVAR
CRI,San José,Ministerio de Trabajo y Seguridad Social — folleto oficial 'Vacaciones' (articulos 153 y 155 del Código de Trabajo),2,,https://escuelajudicialpj.poder-judicial.go.cr/Archivos/bibliotecaVirtual/otrasPublicaciones/brochures/Vacaciones.pdf,PENDIENTE DE ARCHIVAR
CRI,San José,"MTSS, comunicado de prensa 42-2020: '12 de octubre dejo de ser día feriado'",2,,https://www.mtss.go.cr/prensa/comunicados/2020/octubre/cp_42_2020.html,PENDIENTE DE ARCHIVAR
CRI,San José,"Constitución Política de la República de Costa Rica, artículos 58 y 59",2,,https://www.imprentanacional.go.cr/editorialdigital/libros/textos%20juridicos/constitucion_politica_digital_edincr.pdf,PENDIENTE DE ARCHIVAR
CZE,Praga,"Zakon c. 245/2000 Sb., o statnich svatcich, o ostatnich svatcich, o vyznamnych dnech a o dnech pracovniho klidu — § 1 y ",2,,https://ppropo.mpsv.cz/zakon_245_2000,PENDIENTE DE ARCHIVAR
CZE,Praga,"Zakon c. 262/2006 Sb., zakonik prace, §79 Stanovena tydenni pracovni doba",2,,https://e-sbirka.gov.cz/sb/2006/262/2026-01-01?zalozka=text,PENDIENTE DE ARCHIVAR
DEU,Berlín,"Gesetz ueber die Sonn- und Feiertage (Feiertagsgesetz Berlin, FTG), § 1; el Frauentag se incorpora por Artikel 2 des Ges",2,,https://www.berlin.de/sen/inneres/buerger-und-staat/verfassungs-und-verwaltungsrecht/artikel.1435639.php,PENDIENTE DE ARCHIVAR
DOM,Santo Domingo,"Código de Trabajo de la República Dominicana (Ley 16-92), arts. 146, 147, 148, 163, 164 y 165",2,,https://mt.gob.do/wp-content/uploads/2024/07/codigo_de_trabajo.pdf,PENDIENTE DE ARCHIVAR
ECU,Guayaquil,"Código del Trabajo, Codificación 17, Registro Oficial Suplemento 167 de 16 de diciembre de 2005; artículos 47, 50, 51 y ",2,,https://www.ces.gob.ec/lotaip/2020/Junio/Literal_a2/C%C3%B3digo%20del%20Trabajo.pdf,PENDIENTE DE ARCHIVAR
ESP,Madrid,"Real Decreto Legislativo 2/2015, texto refundido de la Ley del Estatuto de los Trabajadores, artículo 34 (Jornada), apar",2,,https://www.boe.es/buscar/act.php?id=BOE-A-2015-11430,PENDIENTE DE ARCHIVAR
FIN,Helsinki,"Vuosilomalaki 162/2005 — Ley de vacaciones anuales, texto consolidado vigente",2,,https://opendata.finlex.fi/finlex/avoindata/v1/akn/fi/act/statute-consolidated/2005/162/fin@20250742,PENDIENTE DE ARCHIVAR
FIN,Helsinki,"Kirkkolaki 652/2023, 1 luku 6 § — Ley de la Iglesia, fiestas eclesiasticas",2,,https://opendata.finlex.fi/finlex/avoindata/v1/akn/fi/act/statute-consolidated/2023/652,PENDIENTE DE ARCHIVAR
FIN,Helsinki,"Kirkkojarjestys 657/2023, 4 § — Ordenanza eclesiastica, determinacion de la fecha de las fiestas",2,,https://opendata.finlex.fi/finlex/avoindata/v1/akn/fi/act/statute-consolidated/2023/657,PENDIENTE DE ARCHIVAR
FIN,Helsinki,Laki itsenaisyyspaivan viettamisesta yleisena juhla- ja vapaapaivana 388/1937,2,,https://opendata.finlex.fi/finlex/avoindata/v1/akn/fi/act/statute-consolidated/1937/388,PENDIENTE DE ARCHIVAR
FIN,Helsinki,Laki vapunpaivan jarjestamisesta tyontekijain vapaapaivaksi eraissa tapauksissa 272/1944,2,,https://opendata.finlex.fi/finlex/avoindata/v1/akn/fi/act/statute-consolidated/1944/272,PENDIENTE DE ARCHIVAR
FIN,Helsinki,"Kirkkolaki 1054/1993, 4 luku 3 § — norma antecesora, para la comparacion de la ventana",2,,https://opendata.finlex.fi/finlex/avoindata/v1/akn/fi/act/statute-consolidated/1993/1054,PENDIENTE DE ARCHIVAR
FRA,París,"Code du travail, Partie legislative, Livre I, Titre III, Chapitre III — Jours feries (articles L3133-1 a L3133-12)",2,,https://www.legifrance.gouv.fr/codes/section_lc/LEGITEXT000006072050/LEGISCTA000006178007/,PENDIENTE DE ARCHIVAR
FRA,París,"Code du travail, article L3133-1 — liste des fetes legales",2,2016-08-10,https://www.legifrance.gouv.fr/codes/article_lc/LEGIARTI000033020901,PENDIENTE DE ARCHIVAR
FRA,París,"Code du travail, article L3141-3 — duree du conge paye",2,,https://code.travail.gouv.fr/code-du-travail/l3141-3,PENDIENTE DE ARCHIVAR
FRA,París,"Code du travail, articles L3141-15 y L3141-16 — fijacion de la periode de prise des conges y de l'ordre des departs",2,,https://code.travail.gouv.fr/code-du-travail/l3141-16,PENDIENTE DE ARCHIVAR
FRA,París,Fiche officielle «Jour ferie pendant les conges d'un salarie : quelles sont les regles ?» — Code du travail numerique / ,2,,https://code.travail.gouv.fr/fiche-service-public/jour-ferie-pendant-les-conges-dun-salarie-quelles-sont-les-regles,PENDIENTE DE ARCHIVAR
FRA,París,"Code du travail, art. L3121-27 - duree legale de travail effectif",2,,https://www.legifrance.gouv.fr/codes/article_lc/LEGIARTI000033020376,PENDIENTE DE ARCHIVAR
GBR,Londres,"Banking and Financial Dealings Act 1971, c.80 — section 1 y Schedule 1",2,,https://www.legislation.gov.uk/ukpga/1971/80,PENDIENTE DE ARCHIVAR
GBR,Londres,"The Working Time Regulations 1998, SI 1998/1833 — regs 13, 13A, 15, 15A",2,,https://www.legislation.gov.uk/uksi/1998/1833,PENDIENTE DE ARCHIVAR
GBR,Londres,gov.uk — «Holiday entitlement» (guia oficial del gobierno del Reino Unido),2,,https://www.gov.uk/holiday-entitlement-rights,PENDIENTE DE ARCHIVAR
GBR,Londres,"The Employment Rights (Amendment, Revocation and Transitional Provision) Regulations 2023, SI 2023/1426",2,2024-01-01,https://www.legislation.gov.uk/uksi/2023/1426,PENDIENTE DE ARCHIVAR
GTM,Ciudad de Guatemala,"Constitución Política de la República de Guatemala (1985), artículo 102, literal g)",2,,https://www.idpp.gob.gt/images/Biblioteca-virtual/Leyes_y_Reglamentos/Constitucin_Poltica_de_la_Repblica_de_Guatemala.pdf,PENDIENTE DE ARCHIVAR
HND,Tegucigalpa,Código del Trabajo (Decreto Legislativo 189 de 19 de mayo de 1959) y sus reformas — compilado oficial de la Secretaria d,2,,https://www.trabajo.gob.hn/wp-content/uploads/2022/09/Codigo-del-Trabajo-y-sus-Reformas.pdf,PENDIENTE DE ARCHIVAR
HND,Tegucigalpa,Portal de consulta de la Secretaria de Trabajo y Seguridad Social — prestaciones,2,,https://consulta.trabajo.gob.hn/decretos/scr/Prestaciones.htm,PENDIENTE DE ARCHIVAR
HND,Tegucigalpa,"Código del Trabajo (Decreto No. 189-1959), art. 322 (jornada ordinaria), art. 338 (descanso semanal), art. 339 (días fer",2,,https://www.tsc.gob.hn/web/leyes/codigo_de_trabajo.pdf,PENDIENTE DE ARCHIVAR
HUN,Budapest,"2012. evi I. torveny a munka torvenykonyverol (Mt.) — Código del Trabajo, texto consolidado vigente, idoallapot 2025.02.",2,,https://njt.jog.gov.hu/jogszabaly/2012-1-00-00,PENDIENTE DE ARCHIVAR
HUN,Budapest,2017. evi XIII. torveny — egyes torvenyeknek a nagypentek munkaszuneti nappa torteno nyilvanitasaval osszefuggo modosita,2,2017-03-16,https://njt.jog.gov.hu/jogszabaly/2017-13-00-00,PENDIENTE DE ARCHIVAR
HUN,Budapest,"2012. evi I. torveny a munka torvenykonyverol (Mt.), 92. par. (1), 97. par. (2), 99. par. (2)",2,,https://mkogy.jogtar.hu/jogszabaly?docid=a1200001.TV&pagenum=2,PENDIENTE DE ARCHIVAR
IDN,Yakarta,"UU 13/2003 tentang Ketenagakerjaan, pasal 79",2,,https://kemenperin.go.id/kompetensi/UU_13_2003.pdf,PENDIENTE DE ARCHIVAR
IDN,Yakarta,"Undang-Undang Nomor 13 Tahun 2003 tentang Ketenagakerjaan, Pasal 77 y Pasal 79 (texto original de 2003)",2,2003-03-25,https://peraturan.bpk.go.id/Download/31128/UU%20Nomor%2013%20Tahun%202003.pdf,PENDIENTE DE ARCHIVAR
IRL,Dublín,"Organisation of Working Time Act 1997 (No. 20 of 1997), Second Schedule — Public Holidays",2,,https://www.irishstatutebook.ie/eli/1997/act/20/schedule/2/enacted/en/html,PENDIENTE DE ARCHIVAR
IRL,Dublín,S.I. No. 50/2022 — Organisation of Working Time (Covid-19 Commemoration) Regulations 2022,2,2022-02-07,https://www.irishstatutebook.ie/eli/2022/si/50/made/en/print,PENDIENTE DE ARCHIVAR
IRL,Dublín,"Organisation of Working Time Act 1997, section 19 — Entitlement to annual leave",2,,https://www.irishstatutebook.ie/eli/1997/act/20/section/19/enacted/en/html,PENDIENTE DE ARCHIVAR
IRL,Dublín,"Organisation of Working Time Act 1997, section 20 — Times and pay for annual leave",2,,https://www.irishstatutebook.ie/eli/1997/act/20/section/20/enacted/en/html,PENDIENTE DE ARCHIVAR
IRL,Dublín,Tabla oficial «Amendments and other effects» del Organisation of Working Time Act 1997,2,,https://www.irishstatutebook.ie/eli/isbc/1997_20.html,PENDIENTE DE ARCHIVAR
ITA,Roma,"Legge 27 maggio 1949, n. 260 — Disposizioni in materia di ricorrenze festive, art. 2",2,1949-05-31,https://presidenza.governo.it/ufficio_cerimoniale/normativa/legge_19490527_260.pdf,PENDIENTE DE ARCHIVAR
ITA,Roma,"D.P.R. 28 dicembre 1985, n. 792, art. 1 — reconocimiento de festividades religiosas acordadas con la Santa Sede",2,1985-12-31,https://presidenza.governo.it/USRI/ufficio_studi/normativa/DPR.%20792_28.12.1985.pdf,PENDIENTE DE ARCHIVAR
ITA,Roma,"D.Lgs. 8 aprile 2003, n. 66, art. 10 — Ferie annuali",2,2003-04-14,https://www.normattiva.it/uri-res/N2Ls?urn:nir:stato:decreto.legislativo:2003-04-08;66,PENDIENTE DE ARCHIVAR
JPN,Tokio,"国民の祝日に関する法律（昭和二十三年法律第百七十八号） — Ley sobre las Fiestas Nacionales, Ley 178 de 1948",2,,https://laws.e-gov.go.jp/law/323AC1000000178,PENDIENTE DE ARCHIVAR
JPN,Tokio,"内閣府 — 国民の祝日について (Oficina del Gabinete, pagina oficial sobre las fiestas nacionales)",2,,https://www8.cao.go.jp/chosei/shukujitsu/gaiyou.html,PENDIENTE DE ARCHIVAR
JPN,Tokio,"労働基準法（昭和二十二年法律第四十九号）第三十九条 — Ley de Normas Laborales, art. 39, vacaciones anuales retribuidas",2,,https://laws.e-gov.go.jp/law/322AC0000000049,PENDIENTE DE ARCHIVAR
JPN,Tokio,"労働基準法 (Ley de Normas Laborales), Ley n. 49 de 1947, arts. 32 y 35. Versión con la última modificación de la Ley n. 71 de",2,,https://www.japaneselawtranslation.go.jp/en/laws/view/3567,PENDIENTE DE ARCHIVAR
KOR,Seúl,"근로기준법 (Ley de Normas Laborales), arts. 50, 53 y 55. Versión [시행 2025. 10. 23.] [법률 제20520호, 2024. 10. 22., 일부개정]",2,,https://www.law.go.kr/lsLawLinkInfo.do?chrClsCd=010202&lsJoLnkSeq=900552087,PENDIENTE DE ARCHIVAR
MEX,Ciudad de México,"Ley Federal del Trabajo, articulos 74, 76 y 78",2,,https://www.diputados.gob.mx/LeyesBiblio/pdf/LFT.pdf,PENDIENTE DE ARCHIVAR
NIC,Managua,"MITRAB — comunicado oficial de asueto para el Municipio de Managua, 1 y 10 de agosto de 2026, firmado por la Ministra",2,,http://www.mitrab.gob.ni/documentos/comunicados/COMUNICADO%201%20Y%2010%20AGOSTO%202026.pdf,PENDIENTE DE ARCHIVAR
NLD,Ámsterdam,"Algemene termijnenwet, artikel 3 — enumera los 'algemeen erkende feestdagen'",2,,https://repository.officiele-overheidspublicaties.nl/bwb/BWBR0002448/2010-10-10_0/xml/BWBR0002448_2010-10-10_0.xml,PENDIENTE DE ARCHIVAR
NLD,Ámsterdam,"Burgerlijk Wetboek Boek 7, artikelen 7:634, 7:635, 7:638, 7:640a, 7:642, 7:645 y 7:717 — vacaciones y colocacion",2,,https://repository.officiele-overheidspublicaties.nl/bwb/BWBR0005290/2026-07-01_0/xml/BWBR0005290_2026-07-01_0.xml,expresion consolidada 2026-07-01
NLD,Ámsterdam,"Burgerlijk Wetboek Boek 7 — expresion consolidada al 1 de enero de 2016, usada como linea base del corte",2,,https://repository.officiele-overheidspublicaties.nl/bwb/BWBR0005290/2016-01-01_0/xml/BWBR0005290_2016-01-01_0.xml,PENDIENTE DE ARCHIVAR
NLD,Ámsterdam,Arbeidstijdenwet — verificacion NEGATIVA: la palabra 'feestdag' no aparece ni una vez en toda la ley,2,,https://repository.officiele-overheidspublicaties.nl/bwb/BWBR0007671/2025-07-01_0/xml/BWBR0007671_2025-07-01_0.xml,PENDIENTE DE ARCHIVAR
NLD,Ámsterdam,Rijksoverheid.nl — Officiele feestdagen (pagina oficial del Gobierno),2,,https://www.rijksoverheid.nl/vraag-en-antwoord/arbeidsovereenkomst-en-cao/officiele-feestdagen,PENDIENTE DE ARCHIVAR
NOR,Oslo,"Lov om helligdager og helligdagsfred (LOV-1995-02-24-12), § 2 — lista de helligdager",2,,https://lovdata.no/dokument/NL/lov/1995-02-24-12,Sist endret: LOV-2021-05-07-34 fra 01.06.2021
NOR,Oslo,"Lov om 1 og 17 mai som hogtidsdagar (LOV-1947-04-26-1), §§ 1, 2 y 3",2,,https://lovdata.no/dokument/NL/lov/1947-04-26-1,Sist endret: LOV-2018-12-20-98 fra 01.01.2019
NOR,Oslo,"Ferieloven (LOV-1988-04-29-21), §§ 4, 5, 6, 7 y 10",2,,https://lovdata.no/dokument/NL/lov/1988-04-29-21/KAPITTEL_2,Sist endret: LOV-2023-03-17-3 fra 01.01.2024
NOR,Oslo,"Lov om arbeidsmiljo, arbeidstid og stillingsvern mv. (arbeidsmiljoloven), LOV-2005-06-17-62, par. 10-4 - alminnelig arbe",2,2005-06-17,https://lovdata.no/dokument/NL/lov/2005-06-17-62/KAPITTEL_11,PENDIENTE DE ARCHIVAR
NZL,Auckland,"Ministry of Business, Innovation & Employment (MBIE) — Public holidays and anniversary dates",2,,https://www.employment.govt.nz/leave-and-holidays/public-holidays/public-holidays-and-anniversary-dates,PENDIENTE DE ARCHIVAR
NZL,Auckland,"Matariki Dates 2022-2052 — Matariki Advisory Committee, informe del Prof. Rangi Matamua, Final Report V2, 21 May 2021",2,,https://www.mbie.govt.nz/assets/matariki-dates-2022-to-2052-matariki-advisory-group.pdf,PENDIENTE DE ARCHIVAR
POL,Varsovia,API ELI del Sejm — historial completo de actos modificatorios de la ley de 1951,2,,https://api.sejm.gov.pl/eli/acts/DU/1951/28,PENDIENTE DE ARCHIVAR
POL,Varsovia,Ustawa z dnia 16 kwietnia 2020 r. o szczegolnych instrumentach wsparcia — Dz.U. 2020 poz. 695; anade el art. 1a a la ley,2,2020-04-18,https://api.sejm.gov.pl/eli/acts/DU/2020/695,PENDIENTE DE ARCHIVAR
POL,Varsovia,"Ustawa z dnia 26 czerwca 1974 r. - Kodeks pracy, art. 129 §1",2,,https://api.sejm.gov.pl/eli/acts/DU/1974/141/text/U/D19740141Lj.pdf,PENDIENTE DE ARCHIVAR
PRY,Asunción,"Ley 7544/2025 — Que determina los feriados nacionales de la República del Paraguay, se establecen los feriados moviles y",2,2025-09-03,https://www.bacn.gov.py/leyes-paraguayas/12908/ley-n-7544-2025-que-determina-los-feriados-nacionales-de-la-rep-blica-del-paraguay-se-establecen-los-feriados-m-viles-y-se-faculta-al-poder-ejecutivo-a-instituir-otros-feriados-en-situaciones-especiales,PENDIENTE DE ARCHIVAR
PRY,Asunción,"Ley 213/93, Código del Trabajo — arts. 217, 218, 222, 223, 224, 225, 226, 234",2,,https://www.bacn.gov.py/leyes-paraguayas/2608/ley-n-213-establece-el-codigo-del-trabajo,PENDIENTE DE ARCHIVAR
PRY,Asunción,"Ley 496/95 — modifica, amplia y deroga articulos de la Ley 213/93; su art. 1 sustituye el art. 218 (vacaciones)",2,1995-08-22,https://www.bacn.gov.py/leyes-paraguayas/2514/modifica-amplia-y-deroga-articulos-de-la-ley-21393-codigo-del-trabajo,PENDIENTE DE ARCHIVAR
PRY,Asunción,Ley 8/90 — Por la cual se determinan los feriados de la República (DEROGADA por la Ley 7544/2025),2,,https://www.bacn.gov.py/leyes-paraguayas/2358/por-la-cual-se-determinan-los-feriados-de-la-republica,PENDIENTE DE ARCHIVAR
PRY,Asunción,Ley 1723/2001 — autoriza al Poder Ejecutivo a trasladar los feriados nacionales al día lunes (DEROGADA),2,2001-06-29,http://www.bacn.gov.py/leyes-paraguayas/634/ley-n-1723-autoriza-al-poder-ejecutivo-a-trasladar-los-feriados-nacionales-al-dia-lunes,PENDIENTE DE ARCHIVAR
ROU,Bucarest,"Codul muncii (Legea nr. 53/2003), republicat en Monitorul Oficial nr. 345 de 18 de mayo de 2011; arts. 112, 113, 114, 13",2,2011-05-18,https://www.inspectiamuncii.ro/documents/558066/58123041/CODUL+MUNCII+din+24+ianuarie+2003.pdf,PENDIENTE DE ARCHIVAR
SVK,Bratislava,"Zakon c. 311/2001 Z. z., Zakonnik prace, §85 ods. 4, 5 a 9",2,,https://www.slov-lex.sk/static/SK/ZZ/2001/311/20260607.html,PENDIENTE DE ARCHIVAR
SWE,Estocolmo,"Semesterlag (1977:480) — 3 a §, 4 §, 7 §, 10 §, 11 §, 12 §",2,,https://www.riksdagen.se/sv/dokument-och-lagar/dokument/svensk-forfattningssamling/semesterlag-1977480_sfs-1977-480/,PENDIENTE DE ARCHIVAR
SWE,Estocolmo,Lag (1989:253) om allmanna helgdagar — 1 § y 2 §,2,2004-12-16,https://www.riksdagen.se/sv/dokument-och-lagar/dokument/svensk-forfattningssamling/lag-1989253-om-allmanna-helgdagar_sfs-1989-253/,PENDIENTE DE ARCHIVAR
THA,Bangkok,"Labour Protection Act, B.E. 2541 (1998), secciones 23, 28 y 29 - traduccion oficial de la Office of the Council of State",2,,https://www.vertic.org/media/National%20Legislation/Thailand/TH_Labor_Protection_Act.pdf,PENDIENTE DE ARCHIVAR
TUR,Estambul,"4857 sayili Is Kanunu, madde 53 — Ley de Trabajo, artículo 53",2,,sin-url-archivada,PENDIENTE DE ARCHIVAR
TUR,Estambul,"Is Kanunu No. 4857 (Ley de Trabajo), Madde 46 y Madde 63. Kabul tarihi 22.5.2003, publicada en el Resmi Gazete de 10.6.2",2,2003-06-10,https://www5.tbmm.gov.tr/tutanaklar/KANUNLAR_KARARLAR/kanuntbmmc087/kanuntbmmc087/kanuntbmmc08704857.pdf,PENDIENTE DE ARCHIVAR
USA,Nueva York,5 U.S.C. 6103 — Holidays (días festivos legales federales),2,,https://www.govinfo.gov/content/pkg/USCODE-2023-title5/html/USCODE-2023-title5-partIII-subpartE-chap61-subchapI-sec6103.htm,PENDIENTE DE ARCHIVAR
USA,Nueva York,"Fair Labor Standards Act of 1938, 29 U.S.C. § 207(a)(1) — Maximum hours",2,,https://www.law.cornell.edu/uscode/text/29/207,PENDIENTE DE ARCHIVAR
BEL,Bruselas,"Arrete royal du 8 fevrier 2023 modifiant les articles 3, 35, 46, 60, 64, 66 et 68 et inserant un article 67bis dans l'AR",3,2023-03-16,https://etaamb.openjustice.be/fr/arrete-royal-du-08-fevrier-2023_n2023201201.html,PENDIENTE DE ARCHIVAR
BGR,Sofía,Modificación del чл. 154 ал. 2 КТ - sustituye la practica de reordenar días por decreto anual del Consejo de Ministros p,3,,http://trudipravo.bg/mesechni-spisania/mesechno-spisanie-trud-i-pravo/menumattp/2819-promeni-v-kodeksa-na-truda-predvizhdat-pochivnite-dni-okolo-praznitzite-da-ne-se-razmestvat-i-otrabotvat,PENDIENTE DE ARCHIVAR
BOL,Santa Cruz,"Decreto Supremo 2750, de 1 de mayo de 2016 - regula el calendario y traslado de feriados nacionales",3,2016-05-01,https://www.lexivox.org/norms/BO-DS-N2750.html,PENDIENTE DE ARCHIVAR
BOL,Santa Cruz,"Decreto Supremo 405, de 20 de enero de 2010 - declara feriado el 22 de enero",3,2010-01-20,https://www.lexivox.org/norms/BO-DS-N405.html,PENDIENTE DE ARCHIVAR
BOL,Santa Cruz,"Ley General del Trabajo de 8 de diciembre de 1942, arts. 41 y 44",3,,https://www.lexivox.org/norms/BO-L-19390524.html,PENDIENTE DE ARCHIVAR
BOL,Santa Cruz,"Decreto Supremo 4709, de 1 de mayo de 2022 - modifica el art. 33 del DS 224 de 1943: goce fraccionado y acumulacion de v",3,2022-05-01,https://www.lexivox.org/norms/BO-DS-N4709.html,PENDIENTE DE ARCHIVAR
BOL,Santa Cruz,"Ley General del Trabajo de 8 de diciembre de 1942, arts. 41, 42, 46, 47, 48",3,1942-12-08,https://www.oas.org/dil/Migrants/Bolivia/Ley%20general%20del%20trabajo%20del%208%20de%20diciembre%20de%201942.pdf,PENDIENTE DE ARCHIVAR
COL,Bogotá,"Ley 2466 de 2025 — reforma laboral (D.O. 53.160, vigente desde 2025-06-25)",3,2025-06-25,https://normograma.sena.edu.co/compilacion/docs/ley_2466_2025.htm,PENDIENTE DE ARCHIVAR
COL,Bogotá,"Ley 2578 de 2026, art. 6 — declara festivo nacional el 9 de julio, Día de Nuestra Señora del Rosario de Chiquinquirá",3,2026-06-01,https://www.alcaldiabogota.gov.co/sisjur/normas/Norma1.jsp?i=193309,PENDIENTE DE ARCHIVAR
CZE,Praga,"Zakon c. 262/2006 Sb., zakonik prace — §§ 212, 213, 217, 218, 219 (parte novena, Dovolena)",3,,https://www.pracomat.cz/poradna/zakonik-prace/142-zakonik-prace-cast-9-hlava-4-dil-2.html,PENDIENTE DE ARCHIVAR
DNK,Copenhague,"Bekendtgorelse af lov om gennemforelse af dele af arbejdstidsdirektivet (arbejdstidsloven), LBK nr 982 af 12-08-2024, pa",3,2024-08-12,https://www.retsinformation.dk/eli/lta/2024/982,PENDIENTE DE ARCHIVAR
DOM,Santo Domingo,"Código de Trabajo de la República Dominicana, Ley 16-92 — arts. 163, 164, 165, 177 a 189",3,,https://docs.republica-dominicana.justia.com/nacionales/codigos/codigo-de-trabajo.pdf,PENDIENTE DE ARCHIVAR
DOM,Santo Domingo,"Ley No. 139-97, sobre traslado a los lunes de los días feriados que coincidan con martes, miercoles, jueves o viernes",3,1997-06-19,https://docs.republica-dominicana.justia.com/nacionales/leyes/ley-139-97.pdf,PENDIENTE DE ARCHIVAR
ECU,Guayaquil,"Código del Trabajo (Codificacion 17), articulos 65, 66, 68, 69, 70, 72, 73, 74, 75 y 76",3,,https://www.ecuadorencifras.gob.ec/LOTAIP/2017/DIJU/diciembre/LA2_OCT_DIJU_CODIGO%20TRABAJO.pdf,PENDIENTE DE ARCHIVAR
GRC,Atenas,"Ν. 4808/2021, αρθρο 60 — norma que fija la lista vigente de días de descanso obligatorio, ΦΕΚ Α΄101 de 19-jun-2021",3,2021-06-19,https://www.elinyae.gr/sites/default/files/2021-06/101a_2021.pdf,PENDIENTE DE ARCHIVAR
GRC,Atenas,"Β.Δ. 748/1966, αρθρο 4 — norma antecesora, base de la linea de 2016, ΦΕΚ Α΄179 de 13-sep-1966",3,,https://www.elinyae.gr/sites/default/files/2019-07/a179_66.1132644043101.pdf,PENDIENTE DE ARCHIVAR
GRC,Atenas,"Α.Ν. 539/1945 — ley de vacaciones anuales retribuidas, ΦΕΚ Α΄229 de 6-sep-1945",3,,https://www.elinyae.gr/ethniki-nomothesia/5391945-fek-229a-691945,PENDIENTE DE ARCHIVAR
GTM,Ciudad de Guatemala,"Código de Trabajo de Guatemala, artículo 127, reformado por el Artículo 5 del Decreto 64-92 del Congreso de la República",3,,https://www.jurista.com.gt/laws/codigo-trabajo/articulo-127,PENDIENTE DE ARCHIVAR
ISR,Jerusalén,"פקודת סדרי השלטון והמשפט, תש""ח-1948, סעיף 18א — Pkudat Sidrei HaShilton VeHaMishpat (Ordenanza de Ordenamiento del Gobie",3,,https://www.nevo.co.il/law_html/law00/73184.htm,PENDIENTE DE ARCHIVAR
ISR,Jerusalén,"חוק יום העצמאות, תש""ט-1949 — Ley del Día de la Independencia 1949",3,1949-04-12,https://www.nevo.co.il/law_html/law01/170_001.htm,PENDIENTE DE ARCHIVAR
ISR,Jerusalén,"חוק חופשה שנתית, תשי""א-1951 — Ley de Vacaciones Anuales 1951",3,,https://www.nevo.co.il/law_html/law00/71906.htm,PENDIENTE DE ARCHIVAR
ISR,Jerusalén,"חוק שעות עבודה ומנוחה, תשי""א-1951, סעיפים 2 ו-3 (Ley de Horas de Trabajo y Descanso, 1951, secciones 2 y 3)",3,,https://www.nevo.co.il/law_html/law00/5174.htm,PENDIENTE DE ARCHIVAR
NIC,Managua,"Ley No. 185, Código del Trabajo, artículo 51",3,,https://oig.cepal.org/sites/default/files/1996_codtrabajo_nic.pdf,PENDIENTE DE ARCHIVAR
NOR,Oslo,Statens personalhandbok 16.4.5 — 'Lovbestemte helge- og hoytidsdager',3,,https://lovdata.no/dokument/SPH/sph/KAPITTEL_15-4-5,PENDIENTE DE ARCHIVAR
NOR,Oslo,Arbeidstilsynet — preguntas frecuentes sobre vacaciones,3,,https://www.arbeidstilsynet.no/nyheter/ofte-stilte-sporsmal-om-ferie/,PENDIENTE DE ARCHIVAR
PER,Lima,"Ley 31822 — declara feriado nacional el 23 de julio, Día de la Fuerza Aérea del Perú",3,2023-07-08,sin-url-archivada,PENDIENTE DE ARCHIVAR
PER,Lima,"Constitución Política del Perú de 1993, artículo 25",3,,https://www.gob.pe/institucion/congreso-de-la-republica/informes-publicaciones/2447366-constitucion-politica-del-peru,PENDIENTE DE ARCHIVAR
PRT,Lisboa,"Codigo do Trabalho, aprovado pela Lei n.º 7/2009, de 12 de fevereiro — artigos 234.º, 235.º, 237.º, 238.º e 241.º",3,,https://www.pgdlisboa.pt/leis/lei_mostra_articulado.php?nid=1047&tabela=leis,PENDIENTE DE ARCHIVAR
PRT,Lisboa,"Lei n.º 8/2016, de 1 de abril — decima alteracao ao Codigo do Trabalho, repondo os feriados nacionais de Corpo de Deus, ",3,2016-04-01,https://www.pgdlisboa.pt/leis/lei_mostra_articulado.php?nid=2522&tabela=leis&ficha=1&pagina=1,PENDIENTE DE ARCHIVAR
PRY,Asunción,Resolucion MTESS N.º 1290/2024 — Reglamento de otorgamiento de vacaciones,3,,https://irunvillamayor.com.py/wp-content/uploads/2025/04/Resolucion-MTESS-N%C2%B0-1290_24-REGLAMENTO-OTORGAMIENTO-DE-VACACIONES.pdf,PENDIENTE DE ARCHIVAR
PRY,Asunción,"Ley N 496/95, que modifica, amplia y deroga articulos de la Ley 213/93, Código del Trabajo - art. 1, texto vigente del a",3,1995-08-22,https://oig.cepal.org/sites/default/files/1994_ley496_pry.pdf,PENDIENTE DE ARCHIVAR
ROU,Bucarest,"Legea nr. 53/2003 — Codul muncii, republicata — art. 139 (sarbatorile legale), art. 145 (durata concediului de odihna), ",3,,https://www.codulmuncii.eu/titlu-3/capitol-2/sectiune-3/articol-139.html,PENDIENTE DE ARCHIVAR
ROU,Bucarest,Legea nr. 220 din 17 noiembrie 2016 pentru completarea alin. (1) al art. 139 din Legea nr. 53/2003 — anade el 1 de junio,3,2016-11-17,https://natlex.ilo.org/dyn/natlex2/natlex2/files/download/106148/PDF.pdf,PENDIENTE DE ARCHIVAR
SLV,San Salvador,"Código de Trabajo de El Salvador, artículo 190",3,,https://www.csj.gob.sv/wp-content/uploads/2021/06/11-Codigo-de-Trabajo-de-El-Salvador-Dias-de-asueto.pdf,PENDIENTE DE ARCHIVAR
SLV,San Salvador,"Código de Trabajo de El Salvador, articulos 177, 180 y 182",3,,https://www.csj.gob.sv/wp-content/uploads/2021/06/10-Codigo-de-Trabajo-de-El-Salvador-Vacacion-anual-remunerada.pdf,PENDIENTE DE ARCHIVAR
SLV,San Salvador,"Código de Trabajo, texto consolidado del Indice Legislativo de la Asamblea Legislativa (cosecha mayo de 2025), con su IN",3,,https://lalibertadoeste.gob.sv/wp-content/uploads/2025/05/Codigo-de-Trabajo.pdf,PENDIENTE DE ARCHIVAR
SLV,San Salvador,"Constitución de la República de El Salvador, artículo 38, ordinales 6º y 7º",3,,https://www.jurisprudencia.gob.sv/,PENDIENTE DE ARCHIVAR
THA,Bangkok,"Labour Protection Act, B.E. 2541 (1998) — sections 28, 29, 30, 56, 64",3,,https://www.vertic.org/media/National%20Legislation/Thailand/TH_Labor_Protection_Act.pdf,PENDIENTE DE ARCHIVAR
TUR,Estambul,Kanun No. 6752 — declara el 15 de julio Día de la Democracia y la Unidad Nacional; modifica la ley 2429,3,2016-10-29,sin-url-archivada,PENDIENTE DE ARCHIVAR
USA,Nueva York,"29 U.S.C. 207(e)(2) — Fair Labor Standards Act, exclusion del salario regular de los pagos por periodos no trabajados",3,,https://www.law.cornell.edu/uscode/text/29/207,PENDIENTE DE ARCHIVAR
ARG,Buenos Aires,"Decreto de Necesidad y Urgencia 70/2023, art. 79 - sustituye el art. 154 LCT",4,2023-12-21,sin-url-archivada,PENDIENTE DE ARCHIVAR
ARG,Buenos Aires,Resolucion 164/2025 de la Jefatura de Gabinete de Ministros - días no laborables con fines turisticos 2026,4,2025-12-26,https://www.boletinoficial.gob.ar/detalleAviso/primera/336753/20251226,PENDIENTE DE ARCHIVAR
AUT,Viena,"Urlaubsgesetz (UrlG), BGBl. Nr. 390/1976, §2 Urlaubsausmass, §3 Vordienstzeiten, §4 Verbrauch des Urlaubes",4,,https://www.ris.bka.gv.at/GeltendeFassung.wxe?Abfrage=Bundesnormen&Gesetzesnummer=10008376,PENDIENTE DE ARCHIVAR
AUT,Viena,"Arbeitsruhegesetz (ARG), BGBl. Nr. 144/1983, §7 Feiertagsruhe y §7a Einseitiger Urlaubsantritt",4,,https://www.ris.bka.gv.at/GeltendeFassung.wxe?Abfrage=Bundesnormen&Gesetzesnummer=10008541,PENDIENTE DE ARCHIVAR
AUT,Viena,"BGBl. I Nr. 22/2019 - suprime el Karfreitag confesional del §7 Abs 3 ARG e introduce el §7a, persoenlicher Feiertag",4,,sin-url-archivada,PENDIENTE DE ARCHIVAR
BGR,Sofía,"Кодекс на труда (Código del Trabajo), чл. 154 - Официални празници",4,,https://lex.bg/laws/ldoc/1594373121,PENDIENTE DE ARCHIVAR
BOL,Santa Cruz,"Decreto Supremo 17288, de 18 de marzo de 1980, art. 1 - escala de vacaciones (modifica el art. 44 LGT ya modificado por ",4,1980-03-18,https://bolivia.infoleyes.com/articulo/22667,PENDIENTE DE ARCHIVAR
BRA,São Paulo,"Lei 662 de 1949, con la redaccion de la Lei 10.607 de 2002 - feriados nacionais",4,,http://www.planalto.gov.br/ccivil_03/leis/l0662.htm,PENDIENTE DE ARCHIVAR
BRA,São Paulo,"Lei 6.802 de 1980 - declara feriado nacional o dia 12 de outubro, Nossa Senhora Aparecida",4,,sin-url-archivada,PENDIENTE DE ARCHIVAR
BRA,São Paulo,Lei 9.093 de 1995 - dispoe sobre feriados civis e religiosos,4,,sin-url-archivada,PENDIENTE DE ARCHIVAR
CHE,Zúrich,"Obligationenrecht (OR), SR 220 — Art. 329a y Art. 329c",4,,https://www.swissrights.ch/gesetze/Artikel-329a-OR-0000-DE.php,PENDIENTE DE ARCHIVAR
CHL,Santiago,"Código del Trabajo, arts. 67, 68, 69 y 70 - Del feriado anual",4,,sin-url-archivada,PENDIENTE DE ARCHIVAR
CHL,Santiago,Ley 20.983 - declara feriados el lunes 2 de enero y el viernes 17 de septiembre en los anos en que ocurran,4,,https://www.bcn.cl/leychile/Navegar?idNorma=1098384,PENDIENTE DE ARCHIVAR
COL,Bogotá,"Código Sustantivo del Trabajo, articulos 186, 187 y 190 (vacaciones anuales remuneradas) y 172 (descanso dominical)",4,,https://leyes.co/codigo_sustantivo_del_trabajo/186.htm,PENDIENTE DE ARCHIVAR
CRI,San José,"Ley 9875 — transitorio al artículo 148 del Código de Trabajo, traslado de feriados a los lunes para los anos 2020 a 2024",4,,sin-url-archivada,PENDIENTE DE ARCHIVAR
CZE,Praga,"Zakon c. 285/2020 Sb., novela del zakonik prace — calculo de la dovolena en horas desde el 1-1-2021",4,,https://www.epravo.cz/top/clanky/nova-pravni-uprava-dovolene-ucinna-k-112021-pomerna-cast-dovolene-za-kalendarni-rok-cast-2-111414.html,PENDIENTE DE ARCHIVAR
DOM,Santo Domingo,Ministerio de Trabajo — comunicado oficial de días feriados 2026,4,,https://mt.gob.do/ministerio-de-trabajo-informa-dias-feriados-correspondientes-al-ano-2026/,PENDIENTE DE ARCHIVAR
ESP,Madrid,"Real Decreto 2001/1983, articulos 45 y 46 (fiestas laborales de ambito nacional y fiestas locales)",4,,sin-url-archivada,PENDIENTE DE ARCHIVAR
GBR,Londres,Proclamaciones reales bajo s.1(3) de la ley de 1971 — Privy Council / The Gazette,4,,https://privycouncil.independent.gov.uk/,PENDIENTE DE ARCHIVAR
GTM,Ciudad de Guatemala,"Código de Trabajo de Guatemala, artículo 130",4,,sin-url-archivada,PENDIENTE DE ARCHIVAR
ISR,Jerusalén,"חוק חופשה שנתית (תיקון מס' 15), התשע""ו-2016 — Enmienda n.º 15 a la Ley de Vacaciones Anuales",4,2016-03-08,https://www.chamber.org.il/serviceslobby/legal/1856/63031/,PENDIENTE DE ARCHIVAR
ISR,Jerusalén,"Base normativa del PAGO de los días de fiesta: צו הרחבה (orden de extension) del acuerdo colectivo general marco, dictad",4,,https://www.kolzchut.org.il/he/%D7%93%D7%9E%D7%99_%D7%97%D7%92%D7%99%D7%9D,PENDIENTE DE ARCHIVAR
ITA,Roma,"Legge 5 marzo 1977, n. 54 — supresion de festividades civiles, art. 1",4,,https://www.tuttocamere.it/files/diritto/1949_260.pdf,PENDIENTE DE ARCHIVAR
ITA,Roma,"Codice civile, art. 2109 — Periodo di riposo",4,,https://www.brocardi.it/codice-civile/libro-quinto/titolo-ii/capo-i/sezione-iii/art2109.html,PENDIENTE DE ARCHIVAR
JPN,Tokio,平成26年法律第43号 — ley de 2014 que anadio 山の日 (Día de la Montaña) con efecto desde 2016,4,2014-05-30,sin-url-archivada,PENDIENTE DE ARCHIVAR
JPN,Tokio,平成30年法律第57号 — ley de 2018 que traslado 天皇誕生日 al 23 de febrero con efecto desde 2020,4,2018-06-20,sin-url-archivada,PENDIENTE DE ARCHIVAR
JPN,Tokio,労働基準法第35条 — descanso semanal; y comentario juridico sobre la ausencia de obligacion de dar libre los 祝日 en el sector pri,4,,https://www.loi.gr.jp/law/syokuba-40/,PENDIENTE DE ARCHIVAR
NLD,Ámsterdam,"Besluit van 24 september 1990 (StCrt. 1990, 190) — designa el 5 de mayo fiesta nacional",4,,sin-url-archivada,PENDIENTE DE ARCHIVAR
NZL,Auckland,"Holidays Act 2003 (Public Act 2003 No 129), reimpreso al 1 de abril de 2016 — ss. 16, 17, 18, 19, 40, 44, 44A, 45, 45A, ",4,,https://pha.co.nz/system/files/Holidays_Act_2003.pdf,Reprinted as at 1 April 2016
NZL,Auckland,Te Ture mo te Hararei Tumatanui o te Kahui o Matariki 2022 / Te Kahui o Matariki Public Holiday Act 2022,4,2022-04-11,https://www.legislation.govt.nz/act/public/2022/0014/latest/LMS557893.html,PENDIENTE DE ARCHIVAR
PRT,Lisboa,"Lei n.º 23/2012, de 25 de junho — terceira alteracao ao Codigo do Trabalho; eliminou os quatro feriados",4,2012-06-25,https://diariodarepublica.pt/dr/detalhe/lei/23-2012-178501,PENDIENTE DE ARCHIVAR
ROU,Bucarest,"Legea nr. 176/2016 pentru modificarea alin. (1) al art. 139 din Legea nr. 53/2003 — anade el 24 de enero, Ziua Unirii Pr",4,2016-10-13,https://legeaz.net/monitorul-oficial-808-2016/legea-176-2016-modificare-codul-muncii-zile-sarbatoare-legala,PENDIENTE DE ARCHIVAR
ROU,Bucarest,Legea nr. 64/2018 pentru completarea alin. (1) al art. 139 din Legea nr. 53/2003 — anade Vinerea Mare,4,2018-03-13,https://legeaz.net/monitorul-oficial-226-2018/lege-64-2018-completare-art-139-codul-muncii-vinerea-mare,PENDIENTE DE ARCHIVAR
ROU,Bucarest,Legea nr. 52/2023 pentru completarea alin. (1) al art. 139 din Legea nr. 53/2003 — anade el 6 y el 7 de enero,4,2023-03-06,https://legislatie.just.ro/Public/DetaliiDocument/265498,PENDIENTE DE ARCHIVAR
THA,Bangkok,"Novelas de la Labour Protection Act: No. 6 B.E. 2560 (2017), No. 7 B.E. 2562 (2019), No. 8 B.E. 2566 (2023)",4,,https://ilawasia.com/blogs/labour-protection-act-thailand,PENDIENTE DE ARCHIVAR
USA,Nueva York,Public Law 117-17 (17 de junio de 2021) — Juneteenth National Independence Day Act,4,,sin-url-archivada,PENDIENTE DE ARCHIVAR
BOL,Santa Cruz,Decreto Supremo 5521 - agenda de feriados de la gestion 2026,5,,sin-url-archivada,PENDIENTE DE ARCHIVAR
BRA,São Paulo,"Lei estadual paulista 9.497/1997 (data magna do Estado, 9 de julho) y ley municipal de Sao Paulo (aniversario da cidade,",5,,sin-url-archivada,PENDIENTE DE ARCHIVAR
CZE,Praga,"Zakon c. 359/2015 Sb., novela del zakon 245/2000 Sb. — anade Velky patek como ostatni svatek",5,,https://cs.wikipedia.org/wiki/Velk%C3%BD_p%C3%A1tek,PENDIENTE DE ARCHIVAR
ECU,Guayaquil,"Feriado local por la fundacion de Guayaquil, 25 de julio",5,,sin-url-archivada,PENDIENTE DE ARCHIVAR
FRA,París,"Retirada de la propuesta de suprimir dos jours feries en el presupuesto 2026 (anuncio del Primer Ministro, 13-sep-2025)",5,,https://www.elite-irp.fr/suppression-jours-feries/,PENDIENTE DE ARCHIVAR
PRY,Asunción,Decreto N.º 6215/2026 — traslada el feriado del 20 de junio de 2026 al lunes 22,5,2026-06-09,https://grupovierci.brightspotcdn.com/39/cd/808fd5cf4b2a91e60a5b066dcbd0/decreto-6215-traslado-feriado-20-al-22-de-junio.pdf,PENDIENTE DE ARCHIVAR
THA,Bangkok,Resoluciones del Consejo de Ministros sobre vanyut ratchakan (feriados oficiales) y lista de feriados de instituciones f,5,,https://www.bangkokpost.com/thailand/general/3132730/thailand-declares-5day-new-year-holiday-to-boost-tourism-economy,PENDIENTE DE ARCHIVAR
CHL,Santiago,Ley 2.977 de 1915 y sus modificatorias - fija los días feriados; Ley 19.973 (feriados irrenunciables); Ley 20.148 (16 de,6,,https://www.feriadoschilenos.cl/,PENDIENTE DE ARCHIVAR
USA,Nueva York,Derecho del estado y de la ciudad de Nueva York en materia de vacaciones y feriados,6,,sin-url-archivada,PENDIENTE DE ARCHIVAR
